Date,Product_ID,Product_Category,Quantity_Sold,Total_Sales,Promotions
2024-01-01,1001,Electronics,9,3150,0
2024-01-01,1002,Fashion,4,3168,0
2024-01-01,1005,Home,14,1848,0
2024-01-02,1002,Fashion,8,4936,0
2024-01-02,1005,Home,7,5355,1
2024-01-02,1002,Fashion,15,10545,1
2024-01-03,1002,Fashion,14,6272,1
2024-01-03,1002,Fashion,7,3108,0
2024-01-03,1001,Electronics,13,2587,1
2024-01-04,1005,Home,9,1296,1
2024-01-04,1005,Home,4,1948,0
2024-01-04,1005,Home,10,7430,1
2024-01-04,1005,Home,7,1197,0
2024-01-04,1002,Fashion,10,1810,0
2024-01-05,1004,Toys,9,5076,1
2024-01-05,1002,Fashion,12,5556,0
2024-01-05,1003,Books,3,2169,0
2024-01-06,1002,Fashion,15,7320,1
2024-01-06,1005,Home,8,3456,0
2024-01-06,1002,Fashion,2,846,1
2024-01-06,1003,Books,3,948,1
2024-01-07,1004,Toys,13,9854,1
2024-01-07,1002,Fashion,9,2178,0
2024-01-07,1005,Home,18,6642,1
2024-01-07,1005,Home,13,6110,0
2024-01-08,1005,Home,16,3088,0
2024-01-08,1001,Electronics,5,3710,0
2024-01-08,1004,Toys,20,3300,1
2024-01-08,1004,Toys,20,11580,1
2024-01-09,1001,Electronics,18,6714,1
2024-01-09,1001,Electronics,10,5450,0
2024-01-09,1004,Toys,1,369,0
2024-01-10,1003,Books,17,12291,0
2024-01-10,1002,Fashion,12,3180,0
2024-01-10,1005,Home,11,6600,0
2024-01-11,1003,Books,10,3450,0
2024-01-11,1002,Fashion,19,3420,0
2024-01-11,1004,Toys,3,1935,0
2024-01-12,1004,Toys,18,4842,1
2024-01-12,1005,Home,20,10660,0
2024-01-12,1005,Home,7,2933,1
2024-01-12,1003,Books,15,9435,1
2024-01-13,1002,Fashion,8,1320,1
2024-01-13,1001,Electronics,19,12673,0
2024-01-13,1005,Home,8,856,0
2024-01-14,1002,Fashion,3,396,1
2024-01-14,1001,Electronics,17,5831,1
2024-01-14,1004,Toys,7,4564,0
2024-01-15,1002,Fashion,16,8256,0
2024-01-15,1001,Electronics,4,3096,1
2024-01-15,1003,Books,14,7280,1
2024-01-15,1001,Electronics,4,648,1
2024-01-15,1003,Books,4,1416,0
2024-01-15,1002,Fashion,18,10062,0
2024-01-16,1002,Fashion,9,5157,0
2024-01-16,1001,Electronics,15,9945,0
2024-01-16,1001,Electronics,18,2070,0
2024-01-16,1002,Fashion,6,3096,1
2024-01-16,1004,Toys,7,3570,0
2024-01-16,1002,Fashion,13,1326,1
2024-01-17,1004,Toys,10,5330,1
2024-01-17,1002,Fashion,7,2821,0
2024-01-17,1001,Electronics,19,12445,0
2024-01-17,1003,Books,2,302,1
2024-01-17,1005,Home,17,4437,0
2024-01-18,1002,Fashion,3,2127,0
2024-01-18,1002,Fashion,13,2886,0
2024-01-18,1005,Home,20,2800,0
2024-01-19,1005,Home,19,12065,1
2024-01-19,1003,Books,7,5495,1
2024-01-19,1002,Fashion,9,4545,0
2024-01-19,1003,Books,15,6345,0
2024-01-19,1001,Electronics,15,11040,0
2024-01-19,1001,Electronics,18,5724,1
2024-01-20,1003,Books,3,1050,1
2024-01-20,1003,Books,6,3288,1
2024-01-20,1005,Home,17,1836,1
2024-01-20,1001,Electronics,5,1850,0
2024-01-21,1005,Home,5,1890,1
2024-01-21,1005,Home,7,3157,0
2024-01-21,1003,Books,17,10200,1
2024-01-22,1001,Electronics,14,5362,0
2024-01-22,1001,Electronics,11,2563,1
2024-01-22,1002,Fashion,15,9960,1
2024-01-23,1001,Electronics,3,756,0
2024-01-23,1003,Books,19,12635,0
2024-01-23,1004,Toys,5,710,1
2024-01-24,1001,Electronics,12,3780,0
2024-01-24,1001,Electronics,12,8076,1
2024-01-24,1005,Home,5,1710,0
2024-01-24,1002,Fashion,14,1750,0
2024-01-24,1003,Books,14,10990,0
2024-01-25,1002,Fashion,4,1964,0
2024-01-25,1004,Toys,8,2432,1
2024-01-25,1003,Books,10,3330,0
2024-01-25,1001,Electronics,7,3556,1
2024-01-25,1003,Books,3,1155,1
2024-01-26,1005,Home,11,1408,0
2024-01-26,1003,Books,6,4164,1
2024-01-26,1001,Electronics,4,2840,1
2024-01-26,1003,Books,11,6006,0
2024-01-26,1004,Toys,19,5586,1
2024-01-26,1001,Electronics,14,1414,0
2024-01-27,1004,Toys,3,2340,1
2024-01-27,1005,Home,11,8569,0
2024-01-27,1003,Books,17,7072,1
2024-01-27,1003,Books,13,5226,0
2024-01-27,1002,Fashion,14,10920,1
2024-01-28,1005,Home,19,7752,1
2024-01-28,1005,Home,1,411,1
2024-01-28,1002,Fashion,14,9702,1
2024-01-28,1004,Toys,15,8280,0
2024-01-29,1002,Fashion,3,1170,1
2024-01-29,1001,Electronics,8,6304,1
2024-01-29,1002,Fashion,7,1750,0
2024-01-29,1001,Electronics,8,4688,0
2024-01-29,1004,Toys,14,10416,0
2024-01-29,1004,Toys,16,8144,0
2024-01-30,1001,Electronics,4,2140,0
2024-01-30,1002,Fashion,17,9775,0
2024-01-30,1005,Home,8,1792,1
2024-01-30,1002,Fashion,15,11745,1
2024-01-31,1005,Home,17,9112,1
2024-01-31,1002,Fashion,16,8960,1
2024-01-31,1002,Fashion,9,5697,1
2024-01-31,1002,Fashion,9,4950,0
2024-01-31,1003,Books,8,3024,1
2024-01-31,1003,Books,18,3276,0
2024-02-01,1002,Fashion,13,3328,0
2024-02-01,1001,Electronics,14,7238,1
2024-02-01,1005,Home,15,7875,0
2024-02-01,1002,Fashion,14,6972,0
2024-02-02,1004,Toys,1,460,1
2024-02-02,1004,Toys,14,9114,0
2024-02-02,1004,Toys,8,3032,1
2024-02-02,1004,Toys,1,498,1
2024-02-02,1004,Toys,6,3468,0
2024-02-02,1005,Home,18,2286,1
2024-02-03,1001,Electronics,14,3332,1
2024-02-03,1002,Fashion,2,732,1
2024-02-03,1003,Books,7,3955,1
2024-02-04,1004,Toys,9,4779,1
2024-02-04,1001,Electronics,16,1904,0
2024-02-04,1003,Books,8,6120,0
2024-02-04,1001,Electronics,1,353,0
2024-02-04,1001,Electronics,20,5120,0
2024-02-05,1004,Toys,4,2708,0
2024-02-05,1004,Toys,9,4293,0
2024-02-05,1005,Home,20,4340,0
2024-02-05,1003,Books,4,2768,0
2024-02-06,1005,Home,13,6578,0
2024-02-06,1001,Electronics,19,14098,0
2024-02-06,1001,Electronics,10,8000,0
2024-02-06,1005,Home,2,910,1
2024-02-06,1003,Books,3,1854,1
2024-02-07,1004,Toys,16,3328,1
2024-02-07,1003,Books,15,3840,1
2024-02-07,1002,Fashion,17,13022,1
2024-02-08,1004,Toys,14,9884,1
2024-02-08,1003,Books,8,1504,1
2024-02-08,1004,Toys,8,4600,1
2024-02-08,1003,Books,1,606,1
2024-02-08,1002,Fashion,16,5072,1
2024-02-08,1003,Books,11,4246,1
2024-02-09,1005,Home,7,1309,0
2024-02-09,1004,Toys,16,10688,0
2024-02-09,1004,Toys,16,8928,0
2024-02-10,1003,Books,8,4112,0
2024-02-10,1003,Books,19,9063,1
2024-02-10,1005,Home,17,7684,1
2024-02-11,1003,Books,15,5655,1
2024-02-11,1003,Books,8,1784,0
2024-02-11,1003,Books,4,2592,0
2024-02-11,1002,Fashion,7,4165,1
2024-02-11,1005,Home,17,12087,1
2024-02-12,1002,Fashion,10,3320,1
2024-02-12,1002,Fashion,10,1140,0
2024-02-12,1003,Books,2,310,1
2024-02-13,1004,Toys,4,448,1
2024-02-13,1004,Toys,16,8816,1
2024-02-13,1002,Fashion,2,716,1
2024-02-13,1001,Electronics,3,1530,1
2024-02-14,1005,Home,2,510,0
2024-02-14,1005,Home,10,1870,0
2024-02-14,1001,Electronics,18,9468,0
2024-02-15,1004,Toys,15,6060,1
2024-02-15,1003,Books,19,13965,0
2024-02-15,1005,Home,4,1248,0
2024-02-15,1003,Books,3,780,0
2024-02-15,1002,Fashion,18,3168,0
2024-02-15,1001,Electronics,14,7854,1
2024-02-16,1001,Electronics,8,3160,1
2024-02-16,1004,Toys,3,1017,1
2024-02-16,1005,Home,7,3745,0
2024-02-16,1005,Home,8,6104,0
2024-02-16,1003,Books,5,865,0
2024-02-17,1003,Books,20,13640,1
2024-02-17,1004,Toys,4,2316,1
2024-02-17,1004,Toys,9,5508,1
2024-02-17,1004,Toys,3,2136,0
2024-02-18,1003,Books,20,7120,0
2024-02-18,1001,Electronics,8,6320,0
2024-02-18,1003,Books,19,2679,0
2024-02-18,1004,Toys,17,13039,1
2024-02-18,1003,Books,6,4194,1
2024-02-18,1004,Toys,3,1743,1
2024-02-19,1003,Books,11,8646,0
2024-02-19,1002,Fashion,11,5731,1
2024-02-19,1003,Books,13,8619,0
2024-02-19,1004,Toys,3,1266,1
2024-02-19,1003,Books,4,2052,0
2024-02-19,1005,Home,15,7845,0
2024-02-20,1005,Home,12,8844,1
2024-02-20,1004,Toys,2,616,1
2024-02-20,1005,Home,5,1970,1
2024-02-20,1004,Toys,4,516,0
2024-02-21,1003,Books,18,2052,1
2024-02-21,1001,Electronics,8,1728,1
2024-02-21,1001,Electronics,5,3050,1
2024-02-21,1005,Home,9,4725,1
2024-02-22,1002,Fashion,15,9960,0
2024-02-22,1004,Toys,7,4991,0
2024-02-22,1001,Electronics,9,4716,1
2024-02-22,1005,Home,9,918,1
2024-02-22,1003,Books,19,13167,1
2024-02-22,1002,Fashion,15,9765,1
2024-02-23,1003,Books,18,11808,1
2024-02-23,1004,Toys,11,3223,0
2024-02-23,1005,Home,13,4407,1
2024-02-23,1001,Electronics,11,6424,1
2024-02-23,1004,Toys,5,3035,0
2024-02-24,1005,Home,19,8341,0
2024-02-24,1004,Toys,4,2552,1
2024-02-24,1001,Electronics,5,2595,0
2024-02-24,1001,Electronics,16,5936,1
2024-02-25,1001,Electronics,11,8690,1
2024-02-25,1003,Books,16,10464,0
2024-02-25,1005,Home,3,1020,1
2024-02-25,1002,Fashion,3,1632,0
2024-02-25,1001,Electronics,15,4050,1
2024-02-25,1001,Electronics,2,864,0
2024-02-26,1003,Books,12,6492,0
2024-02-26,1002,Fashion,17,8857,0
2024-02-26,1002,Fashion,6,1080,1
2024-02-26,1005,Home,8,4872,0
2024-02-26,1002,Fashion,15,11295,1
2024-02-27,1003,Books,1,576,1
2024-02-27,1005,Home,6,1050,1
2024-02-27,1003,Books,19,7714,1
2024-02-27,1003,Books,15,6135,0
2024-02-27,1004,Toys,16,3344,0
2024-02-27,1004,Toys,19,8873,1
2024-02-28,1001,Electronics,13,4953,0
2024-02-28,1005,Home,2,1440,1
2024-02-28,1003,Books,8,5768,1
2024-02-28,1002,Fashion,7,5145,1
2024-02-28,1002,Fashion,4,2968,0
2024-02-29,1004,Toys,2,1386,1
2024-02-29,1002,Fashion,3,1206,1
2024-02-29,1004,Toys,6,1830,0
2024-02-29,1005,Home,12,7716,1
2024-02-29,1002,Fashion,9,5337,1
2024-03-01,1001,Electronics,15,2655,0
2024-03-01,1002,Fashion,13,8710,1
2024-03-01,1001,Electronics,13,1482,1
2024-03-01,1005,Home,4,2260,1
2024-03-01,1003,Books,19,9310,1
2024-03-02,1002,Fashion,16,2000,1
2024-03-02,1005,Home,8,6104,0
2024-03-02,1004,Toys,10,7640,1
2024-03-03,1002,Fashion,2,276,1
2024-03-03,1004,Toys,4,796,0
2024-03-03,1005,Home,5,2485,1
2024-03-04,1005,Home,14,9814,0
2024-03-04,1004,Toys,4,2404,1
2024-03-04,1003,Books,2,958,0
2024-03-04,1004,Toys,15,5115,1
2024-03-04,1001,Electronics,12,7884,1
2024-03-05,1004,Toys,9,2646,0
2024-03-05,1004,Toys,3,2334,0
2024-03-05,1005,Home,1,151,1
2024-03-06,1002,Fashion,19,5890,0
2024-03-06,1005,Home,7,4900,0
2024-03-06,1002,Fashion,11,2761,0
2024-03-06,1003,Books,5,1165,1
2024-03-07,1001,Electronics,1,234,0
2024-03-07,1003,Books,8,5616,1
2024-03-07,1001,Electronics,6,2226,0
2024-03-07,1002,Fashion,14,8932,0
2024-03-08,1004,Toys,15,7050,0
2024-03-08,1004,Toys,17,5542,0
2024-03-08,1005,Home,10,5690,0
2024-03-09,1004,Toys,13,6968,0
2024-03-09,1004,Toys,15,2625,0
2024-03-09,1003,Books,20,5020,0
2024-03-10,1003,Books,20,14960,1
2024-03-10,1004,Toys,20,12860,1
2024-03-10,1004,Toys,17,12223,1
2024-03-10,1001,Electronics,4,3080,0
2024-03-11,1004,Toys,8,4184,1
2024-03-11,1004,Toys,13,6825,0
2024-03-11,1003,Books,14,5880,1
2024-03-11,1003,Books,5,2925,0
2024-03-11,1001,Electronics,3,585,1
2024-03-11,1001,Electronics,12,2796,0
2024-03-12,1001,Electronics,14,6468,1
2024-03-12,1001,Electronics,10,7140,1
2024-03-12,1003,Books,4,2764,0
2024-03-12,1002,Fashion,16,5264,0
2024-03-12,1003,Books,18,8568,0
2024-03-13,1005,Home,8,4312,0
2024-03-13,1005,Home,9,1161,0
2024-03-13,1003,Books,10,4470,1
2024-03-13,1001,Electronics,6,1476,1
2024-03-13,1001,Electronics,5,3740,0
2024-03-14,1005,Home,7,3395,1
2024-03-14,1004,Toys,11,2871,1
2024-03-14,1003,Books,11,7491,0
2024-03-15,1002,Fashion,6,4392,0
2024-03-15,1001,Electronics,9,4977,1
2024-03-15,1004,Toys,20,11040,1
2024-03-16,1002,Fashion,17,3672,1
2024-03-16,1004,Toys,4,1560,1
2024-03-16,1005,Home,10,1460,0
2024-03-16,1004,Toys,20,3120,0
2024-03-16,1002,Fashion,10,3160,0
2024-03-17,1003,Books,11,2442,0
2024-03-17,1004,Toys,14,3906,0
2024-03-17,1004,Toys,18,6030,1
2024-03-17,1001,Electronics,13,1859,1
2024-03-17,1001,Electronics,15,2685,1
2024-03-18,1005,Home,13,9815,1
2024-03-18,1003,Books,4,2056,0
2024-03-18,1003,Books,6,4392,1
2024-03-18,1003,Books,3,1641,0
2024-03-18,1002,Fashion,14,9842,1
2024-03-18,1005,Home,3,1515,1
2024-03-19,1002,Fashion,11,2992,0
2024-03-19,1005,Home,4,2572,0
2024-03-19,1003,Books,12,9120,0
2024-03-19,1002,Fashion,4,996,1
2024-03-19,1002,Fashion,6,4296,0
2024-03-20,1002,Fashion,16,9200,1
2024-03-20,1005,Home,20,8600,1
2024-03-20,1002,Fashion,15,2535,1
2024-03-21,1003,Books,9,6345,0
2024-03-21,1003,Books,17,2975,1
2024-03-21,1004,Toys,15,2070,0
2024-03-21,1003,Books,10,1780,0
2024-03-21,1005,Home,20,12380,1
2024-03-21,1004,Toys,19,12673,0
2024-03-22,1005,Home,7,3003,1
2024-03-22,1005,Home,5,815,1
2024-03-22,1001,Electronics,11,2046,0
2024-03-22,1001,Electronics,8,4384,1
2024-03-22,1005,Home,17,12308,0
2024-03-22,1003,Books,12,4668,1
2024-03-23,1003,Books,20,3060,1
2024-03-23,1001,Electronics,11,2156,1
2024-03-23,1003,Books,9,6948,0
2024-03-23,1003,Books,3,2088,0
2024-03-23,1003,Books,10,7710,1
2024-03-23,1002,Fashion,20,3720,1
2024-03-24,1003,Books,5,3930,0
2024-03-24,1004,Toys,17,7990,0
2024-03-24,1003,Books,10,2840,0
2024-03-24,1003,Books,16,4736,0
2024-03-24,1002,Fashion,5,895,1
2024-03-24,1001,Electronics,17,11084,0
2024-03-25,1005,Home,5,3555,1
2024-03-25,1002,Fashion,6,1710,0
2024-03-25,1004,Toys,2,1040,1
2024-03-25,1002,Fashion,15,10875,1
2024-03-25,1004,Toys,8,5168,0
2024-03-26,1004,Toys,7,3332,1
2024-03-26,1004,Toys,10,4910,1
2024-03-26,1002,Fashion,7,5033,0
2024-03-26,1003,Books,2,1512,1
2024-03-26,1003,Books,18,3690,0
2024-03-27,1001,Electronics,6,2274,1
2024-03-27,1005,Home,5,2735,0
2024-03-27,1002,Fashion,15,6855,0
2024-03-27,1004,Toys,2,1010,1
2024-03-27,1002,Fashion,13,2379,1
2024-03-28,1001,Electronics,11,2211,1
2024-03-28,1002,Fashion,5,695,1
2024-03-28,1004,Toys,5,2900,1
2024-03-28,1005,Home,1,181,0
2024-03-29,1002,Fashion,5,3305,1
2024-03-29,1001,Electronics,10,3430,1
2024-03-29,1001,Electronics,2,688,1
2024-03-29,1005,Home,15,2460,0
2024-03-29,1004,Toys,20,12960,0
2024-03-30,1002,Fashion,10,5390,0
2024-03-30,1005,Home,12,4152,1
2024-03-30,1002,Fashion,3,1908,1
2024-03-30,1001,Electronics,17,11169,0
2024-03-31,1004,Toys,2,1500,1
2024-03-31,1003,Books,9,1044,1
2024-03-31,1001,Electronics,12,4152,0
2024-03-31,1005,Home,11,2596,0
2024-03-31,1003,Books,18,8028,0
2024-03-31,1004,Toys,16,11936,0
2024-04-01,1001,Electronics,15,2055,1
2024-04-01,1002,Fashion,2,608,0
2024-04-01,1003,Books,10,6270,1
2024-04-01,1005,Home,16,5744,0
2024-04-02,1003,Books,12,1776,1
2024-04-02,1003,Books,4,1904,1
2024-04-02,1004,Toys,15,7425,1
2024-04-02,1002,Fashion,16,9744,1
2024-04-03,1001,Electronics,14,2520,1
2024-04-03,1005,Home,6,3948,1
2024-04-03,1003,Books,4,724,1
2024-04-03,1003,Books,10,5560,1
2024-04-03,1002,Fashion,15,6885,1
2024-04-04,1003,Books,20,10900,1
2024-04-04,1001,Electronics,3,2361,1
2024-04-04,1003,Books,17,13515,0
2024-04-05,1002,Fashion,20,15880,1
2024-04-05,1001,Electronics,5,840,0
2024-04-05,1003,Books,12,5904,0
2024-04-06,1004,Toys,12,5760,1
2024-04-06,1001,Electronics,19,4560,1
2024-04-06,1004,Toys,11,8415,1
2024-04-06,1002,Fashion,4,504,0
2024-04-07,1005,Home,13,8775,0
2024-04-07,1003,Books,9,5004,0
2024-04-07,1005,Home,10,6020,0
2024-04-07,1001,Electronics,5,875,1
2024-04-07,1002,Fashion,15,2835,1
2024-04-07,1003,Books,3,1989,1
2024-04-08,1002,Fashion,6,2820,0
2024-04-08,1001,Electronics,7,1694,0
2024-04-08,1004,Toys,1,469,1
2024-04-08,1004,Toys,18,4176,0
2024-04-08,1001,Electronics,10,5070,1
2024-04-09,1004,Toys,19,3325,0
2024-04-09,1003,Books,3,1680,1
2024-04-09,1005,Home,12,2772,0
2024-04-09,1002,Fashion,14,8596,0
2024-04-09,1001,Electronics,17,4352,1
2024-04-09,1002,Fashion,6,2580,0
2024-04-10,1005,Home,10,1800,1
2024-04-10,1002,Fashion,18,6858,0
2024-04-10,1003,Books,20,12920,0
2024-04-10,1005,Home,6,4236,0
2024-04-10,1002,Fashion,20,14380,1
2024-04-11,1001,Electronics,3,438,1
2024-04-11,1002,Fashion,19,9994,0
2024-04-11,1004,Toys,18,7128,1
2024-04-12,1002,Fashion,13,5252,1
2024-04-12,1001,Electronics,2,522,1
2024-04-12,1004,Toys,16,9200,0
2024-04-12,1003,Books,20,4940,1
2024-04-12,1003,Books,12,6096,0
2024-04-12,1003,Books,17,11475,0
2024-04-13,1002,Fashion,15,3375,1
2024-04-13,1004,Toys,8,1952,0
2024-04-13,1001,Electronics,10,4930,1
2024-04-13,1002,Fashion,6,2610,1
2024-04-13,1002,Fashion,6,3660,1
2024-04-14,1003,Books,16,1968,0
2024-04-14,1004,Toys,17,9656,0
2024-04-14,1002,Fashion,19,8759,0
2024-04-14,1001,Electronics,10,6060,1
2024-04-14,1003,Books,18,1944,0
2024-04-14,1004,Toys,5,1850,1
2024-04-15,1003,Books,2,1020,0
2024-04-15,1005,Home,18,5382,1
2024-04-15,1005,Home,10,1750,1
2024-04-15,1005,Home,15,9945,1
2024-04-15,1005,Home,20,4420,0
2024-04-15,1001,Electronics,13,6266,1
2024-04-16,1002,Fashion,7,5012,1
2024-04-16,1005,Home,2,292,0
2024-04-16,1002,Fashion,11,6435,1
2024-04-16,1002,Fashion,20,12540,0
2024-04-16,1003,Books,20,8520,0
2024-04-17,1005,Home,10,7070,1
2024-04-17,1005,Home,17,10965,1
2024-04-17,1005,Home,10,5860,0
2024-04-17,1003,Books,11,8679,0
2024-04-17,1004,Toys,19,7885,0
2024-04-17,1005,Home,16,5936,0
2024-04-18,1005,Home,16,4384,1
2024-04-18,1002,Fashion,8,1056,0
2024-04-18,1002,Fashion,1,551,1
2024-04-19,1002,Fashion,14,4312,1
2024-04-19,1005,Home,20,11640,0
2024-04-19,1002,Fashion,17,5304,1
2024-04-19,1004,Toys,17,8245,1
2024-04-19,1002,Fashion,15,9675,1
2024-04-19,1005,Home,12,9504,1
2024-04-20,1002,Fashion,8,3080,1
2024-04-20,1002,Fashion,10,3950,0
2024-04-20,1004,Toys,11,6501,1
2024-04-20,1005,Home,9,3546,0
2024-04-20,1005,Home,18,8784,1
2024-04-20,1003,Books,5,1985,0
2024-04-21,1001,Electronics,12,6624,1
2024-04-21,1004,Toys,7,2142,1
2024-04-21,1005,Home,9,2160,0
2024-04-21,1005,Home,19,6555,0
2024-04-21,1001,Electronics,17,5627,0
2024-04-22,1001,Electronics,14,6132,1
2024-04-22,1001,Electronics,5,525,0
2024-04-22,1004,Toys,16,9408,0
2024-04-23,1003,Books,10,7610,0
2024-04-23,1001,Electronics,19,6403,0
2024-04-23,1002,Fashion,14,3920,0
2024-04-23,1004,Toys,16,4640,1
2024-04-23,1001,Electronics,1,405,0
2024-04-24,1003,Books,15,11340,1
2024-04-24,1002,Fashion,17,9843,1
2024-04-24,1002,Fashion,4,1752,0
2024-04-24,1004,Toys,9,2610,0
2024-04-24,1003,Books,10,6810,0
2024-04-25,1005,Home,13,6981,1
2024-04-25,1001,Electronics,13,10205,0
2024-04-25,1002,Fashion,5,2940,1
2024-04-25,1002,Fashion,1,367,1
2024-04-26,1004,Toys,9,3933,1
2024-04-26,1005,Home,19,2109,1
2024-04-26,1003,Books,8,1304,0
2024-04-26,1004,Toys,10,2630,1
2024-04-27,1001,Electronics,10,4760,0
2024-04-27,1002,Fashion,5,2945,0
2024-04-27,1004,Toys,20,9640,1
2024-04-27,1005,Home,16,10400,0
2024-04-27,1002,Fashion,20,3660,1
2024-04-28,1001,Electronics,19,4066,0
2024-04-28,1005,Home,17,5219,0
2024-04-28,1002,Fashion,11,6952,1
2024-04-28,1001,Electronics,7,4879,1
2024-04-28,1001,Electronics,17,9452,0
2024-04-29,1002,Fashion,17,8925,1
2024-04-29,1005,Home,2,1344,1
2024-04-29,1003,Books,1,505,1
2024-04-29,1001,Electronics,7,4844,0
2024-04-29,1001,Electronics,14,6328,0
2024-04-29,1005,Home,2,340,1
2024-04-30,1003,Books,14,3976,0
2024-04-30,1004,Toys,12,5892,1
2024-04-30,1004,Toys,13,2366,0
2024-05-01,1001,Electronics,6,3900,1
2024-05-01,1005,Home,5,1640,0
2024-05-01,1001,Electronics,10,5740,1
2024-05-01,1005,Home,13,4355,0
2024-05-01,1004,Toys,12,3096,1
2024-05-02,1001,Electronics,2,1552,1
2024-05-02,1005,Home,1,346,0
2024-05-02,1001,Electronics,4,2832,0
2024-05-02,1004,Toys,20,15760,0
2024-05-03,1001,Electronics,13,7137,0
2024-05-03,1005,Home,7,1099,0
2024-05-03,1005,Home,10,3390,1
2024-05-03,1005,Home,20,15760,1
2024-05-04,1003,Books,5,3880,0
2024-05-04,1004,Toys,10,3810,0
2024-05-04,1005,Home,19,5301,1
2024-05-04,1005,Home,16,2368,1
2024-05-05,1005,Home,11,5786,1
2024-05-05,1002,Fashion,10,4850,0
2024-05-05,1005,Home,16,5536,0
2024-05-05,1003,Books,5,2870,0
2024-05-05,1005,Home,14,7364,0
2024-05-05,1004,Toys,8,2888,0
2024-05-06,1001,Electronics,15,7185,0
2024-05-06,1005,Home,7,1064,1
2024-05-06,1004,Toys,20,14340,0
2024-05-06,1001,Electronics,7,4907,0
2024-05-06,1004,Toys,7,3080,1
2024-05-07,1002,Fashion,7,1540,1
2024-05-07,1002,Fashion,20,6180,1
2024-05-07,1002,Fashion,18,7722,1
2024-05-08,1004,Toys,18,13752,1
2024-05-08,1003,Books,9,4212,1
2024-05-08,1004,Toys,4,2320,1
2024-05-08,1002,Fashion,12,5040,1
2024-05-08,1001,Electronics,19,6194,0
2024-05-08,1001,Electronics,9,5994,1
2024-05-09,1002,Fashion,7,3059,0
2024-05-09,1004,Toys,19,6669,1
2024-05-09,1005,Home,11,3993,1
2024-05-09,1004,Toys,15,4080,1
2024-05-09,1002,Fashion,5,3295,1
2024-05-10,1005,Home,2,1272,0
2024-05-10,1001,Electronics,2,212,1
2024-05-10,1002,Fashion,8,1352,0
2024-05-10,1001,Electronics,7,4319,1
2024-05-11,1001,Electronics,20,15060,1
2024-05-11,1004,Toys,1,106,1
2024-05-11,1001,Electronics,1,642,1
2024-05-11,1005,Home,10,1170,1
2024-05-11,1002,Fashion,4,792,0
2024-05-12,1002,Fashion,20,12780,1
2024-05-12,1003,Books,9,4554,0
2024-05-12,1003,Books,13,7410,0
2024-05-12,1002,Fashion,10,8000,0
2024-05-13,1001,Electronics,13,6344,1
2024-05-13,1005,Home,16,2512,0
2024-05-13,1002,Fashion,3,1833,1
2024-05-14,1005,Home,4,2560,0
2024-05-14,1002,Fashion,7,4760,1
2024-05-14,1003,Books,2,352,1
2024-05-14,1005,Home,19,14687,0
2024-05-14,1002,Fashion,11,1276,0
2024-05-15,1004,Toys,3,1218,0
2024-05-15,1005,Home,8,5440,1
2024-05-15,1005,Home,11,5423,0
2024-05-15,1001,Electronics,17,7718,0
2024-05-16,1004,Toys,8,1416,1
2024-05-16,1005,Home,20,14180,1
2024-05-16,1003,Books,1,749,1
2024-05-17,1004,Toys,8,3712,1
2024-05-17,1004,Toys,6,4776,1
2024-05-17,1001,Electronics,20,8040,0
2024-05-17,1001,Electronics,3,1122,0
2024-05-17,1004,Toys,5,2490,1
2024-05-17,1003,Books,4,772,0
2024-05-18,1004,Toys,12,4512,0
2024-05-18,1002,Fashion,3,873,1
2024-05-18,1004,Toys,18,12024,1
2024-05-18,1001,Electronics,1,191,1
2024-05-18,1005,Home,3,2133,1
2024-05-19,1001,Electronics,10,5230,1
2024-05-19,1001,Electronics,18,6264,0
2024-05-19,1004,Toys,6,1452,1
2024-05-19,1003,Books,9,5436,0
2024-05-19,1001,Electronics,6,3270,1
2024-05-19,1004,Toys,10,5950,0
2024-05-20,1003,Books,8,5920,1
2024-05-20,1005,Home,20,6000,1
2024-05-20,1001,Electronics,5,2055,0
2024-05-20,1004,Toys,11,8085,1
2024-05-20,1003,Books,15,6630,1
2024-05-21,1003,Books,11,7887,0
2024-05-21,1004,Toys,11,3091,1
2024-05-21,1003,Books,10,7480,1
2024-05-21,1005,Home,8,3464,1
2024-05-22,1004,Toys,12,2592,0
2024-05-22,1005,Home,18,5112,0
2024-05-22,1004,Toys,7,3836,1
2024-05-22,1001,Electronics,14,11046,1
2024-05-22,1002,Fashion,10,3470,1
2024-05-23,1004,Toys,13,2275,1
2024-05-23,1005,Home,16,11136,1
2024-05-23,1005,Home,17,8976,0
2024-05-23,1003,Books,18,12744,0
2024-05-24,1002,Fashion,12,3240,0
2024-05-24,1005,Home,13,5707,1
2024-05-24,1001,Electronics,1,200,1
2024-05-25,1005,Home,17,11407,0
2024-05-25,1004,Toys,12,6000,1
2024-05-25,1005,Home,17,4318,1
2024-05-25,1001,Electronics,16,3312,1
2024-05-26,1001,Electronics,4,980,1
2024-05-26,1003,Books,11,6226,0
2024-05-26,1005,Home,16,7296,1
2024-05-26,1001,Electronics,15,8445,1
2024-05-26,1001,Electronics,10,1450,0
2024-05-26,1001,Electronics,11,8393,0
2024-05-27,1002,Fashion,17,4726,0
2024-05-27,1003,Books,18,9648,1
2024-05-27,1002,Fashion,13,9672,0
2024-05-27,1002,Fashion,14,7070,0
2024-05-28,1004,Toys,19,10241,1
2024-05-28,1001,Electronics,7,2170,1
2024-05-28,1001,Electronics,19,3876,0
2024-05-28,1003,Books,11,3311,1
2024-05-29,1003,Books,16,10240,1
2024-05-29,1005,Home,13,9425,1
2024-05-29,1005,Home,4,1824,1
2024-05-30,1005,Home,6,4734,1
2024-05-30,1005,Home,19,3534,0
2024-05-30,1003,Books,4,1376,1
2024-05-30,1001,Electronics,6,2892,0
2024-05-30,1005,Home,13,6864,0
2024-05-30,1005,Home,13,6929,0
2024-05-31,1005,Home,6,4008,0
2024-05-31,1004,Toys,10,2430,0
2024-05-31,1003,Books,15,11010,0
2024-05-31,1003,Books,1,596,0
2024-05-31,1002,Fashion,13,8775,1
2024-05-31,1004,Toys,16,8400,1
2024-06-01,1002,Fashion,3,2034,0
2024-06-01,1002,Fashion,10,1330,1
2024-06-01,1002,Fashion,18,7110,0
2024-06-01,1004,Toys,19,11533,0
2024-06-01,1005,Home,4,1496,1
2024-06-01,1005,Home,2,1102,0
2024-06-02,1001,Electronics,8,3232,0
2024-06-02,1004,Toys,9,4104,0
2024-06-02,1004,Toys,4,1368,0
2024-06-02,1005,Home,12,8688,1
2024-06-02,1002,Fashion,20,4840,0
2024-06-02,1002,Fashion,2,1366,1
2024-06-03,1005,Home,18,4896,1
2024-06-03,1003,Books,10,6860,1
2024-06-03,1005,Home,4,952,1
2024-06-03,1001,Electronics,9,6939,0
2024-06-03,1002,Fashion,8,1992,1
2024-06-04,1004,Toys,16,3920,1
2024-06-04,1004,Toys,13,7306,0
2024-06-04,1001,Electronics,13,8151,1
2024-06-04,1003,Books,15,8985,1
2024-06-05,1001,Electronics,15,11250,1
2024-06-05,1001,Electronics,18,9126,0
2024-06-05,1004,Toys,7,4242,1
2024-06-06,1003,Books,11,7260,0
2024-06-06,1005,Home,16,7216,0
2024-06-06,1001,Electronics,4,2964,1
2024-06-06,1001,Electronics,4,1044,1
2024-06-06,1004,Toys,1,538,0
2024-06-07,1003,Books,6,2280,0
2024-06-07,1003,Books,9,1656,1
2024-06-07,1002,Fashion,2,1010,1
2024-06-07,1002,Fashion,14,10794,0
2024-06-08,1001,Electronics,7,4116,0
2024-06-08,1002,Fashion,19,6289,1
2024-06-08,1001,Electronics,1,451,0
2024-06-09,1002,Fashion,16,2752,0
2024-06-09,1004,Toys,3,612,0
2024-06-09,1003,Books,12,4872,0
2024-06-09,1004,Toys,5,3780,0
2024-06-09,1001,Electronics,17,11492,0
2024-06-09,1005,Home,6,3300,1
2024-06-10,1002,Fashion,14,10220,1
2024-06-10,1002,Fashion,3,606,0
2024-06-10,1001,Electronics,19,9367,1
2024-06-10,1004,Toys,11,2673,0
2024-06-11,1001,Electronics,8,5328,1
2024-06-11,1001,Electronics,10,3100,0
2024-06-11,1004,Toys,10,7610,0
2024-06-11,1002,Fashion,16,7920,0
2024-06-11,1002,Fashion,16,12048,0
2024-06-12,1003,Books,11,2585,1
2024-06-12,1005,Home,14,6636,0
2024-06-12,1004,Toys,3,351,0
2024-06-13,1003,Books,7,980,0
2024-06-13,1004,Toys,17,6681,1
2024-06-13,1004,Toys,13,2392,0
2024-06-14,1001,Electronics,10,1800,0
2024-06-14,1002,Fashion,18,7812,1
2024-06-14,1005,Home,3,1251,1
2024-06-14,1002,Fashion,2,700,0
2024-06-14,1004,Toys,4,2256,0
2024-06-15,1002,Fashion,4,448,0
2024-06-15,1001,Electronics,6,3648,1
2024-06-15,1005,Home,17,6205,0
2024-06-15,1003,Books,5,1875,0
2024-06-15,1001,Electronics,11,5929,1
2024-06-16,1003,Books,19,14098,0
2024-06-16,1004,Toys,15,9345,1
2024-06-16,1001,Electronics,16,10880,0
2024-06-17,1002,Fashion,9,1845,0
2024-06-17,1002,Fashion,17,1734,0
2024-06-17,1001,Electronics,8,1176,1
2024-06-17,1003,Books,13,3289,0
2024-06-17,1001,Electronics,18,13878,1
2024-06-18,1003,Books,8,4208,1
2024-06-18,1003,Books,3,2055,1
2024-06-18,1001,Electronics,17,13413,0
2024-06-18,1002,Fashion,8,5024,0
2024-06-19,1001,Electronics,15,5835,1
2024-06-19,1003,Books,3,1998,1
2024-06-19,1001,Electronics,12,3660,1
2024-06-19,1005,Home,10,7370,0
2024-06-19,1004,Toys,12,8460,1
2024-06-19,1002,Fashion,18,6318,0
2024-06-20,1004,Toys,1,338,1
2024-06-20,1001,Electronics,11,1111,1
2024-06-20,1003,Books,4,1240,0
2024-06-21,1004,Toys,2,490,1
2024-06-21,1001,Electronics,2,674,1
2024-06-21,1003,Books,15,2790,0
2024-06-21,1005,Home,5,3760,1
2024-06-21,1001,Electronics,19,12939,0
2024-06-21,1004,Toys,5,1710,1
2024-06-22,1003,Books,13,5642,1
2024-06-22,1004,Toys,9,3051,0
2024-06-22,1002,Fashion,5,3490,0
2024-06-22,1002,Fashion,4,1072,1
2024-06-22,1004,Toys,11,5676,0
2024-06-23,1002,Fashion,15,6225,1
2024-06-23,1003,Books,4,768,0
2024-06-23,1003,Books,20,2820,0
2024-06-23,1003,Books,5,965,0
2024-06-23,1003,Books,13,8125,0
2024-06-24,1003,Books,6,786,1
2024-06-24,1004,Toys,18,11934,0
2024-06-24,1001,Electronics,15,3060,0
2024-06-24,1001,Electronics,1,163,0
2024-06-24,1002,Fashion,7,3570,1
2024-06-25,1005,Home,19,6935,0
2024-06-25,1001,Electronics,3,906,1
2024-06-25,1002,Fashion,3,1317,0
2024-06-26,1004,Toys,2,544,1
2024-06-26,1004,Toys,16,2080,1
2024-06-26,1004,Toys,6,2772,0
2024-06-27,1003,Books,9,5004,0
2024-06-27,1001,Electronics,20,14680,0
2024-06-27,1003,Books,16,8336,1
2024-06-27,1001,Electronics,3,1158,1
2024-06-28,1004,Toys,7,5306,0
2024-06-28,1005,Home,1,491,1
2024-06-28,1004,Toys,18,10728,1
2024-06-28,1005,Home,17,7293,1
2024-06-29,1002,Fashion,1,426,0
2024-06-29,1001,Electronics,9,1431,1
2024-06-29,1005,Home,12,8376,0
2024-06-29,1002,Fashion,4,1412,0
2024-06-29,1003,Books,18,2826,0
2024-06-30,1003,Books,6,1680,0
2024-06-30,1005,Home,11,5137,0
2024-06-30,1003,Books,19,12863,0
2024-06-30,1005,Home,7,4228,1
2024-06-30,1002,Fashion,16,2208,0
2024-06-30,1001,Electronics,8,5728,0
2024-07-01,1005,Home,16,1600,1
2024-07-01,1005,Home,7,1631,1
2024-07-01,1002,Fashion,11,1760,0
2024-07-02,1005,Home,5,1065,1
2024-07-02,1001,Electronics,12,9336,1
2024-07-02,1005,Home,4,1776,1
2024-07-02,1003,Books,5,1305,1
2024-07-03,1003,Books,6,4050,1
2024-07-03,1002,Fashion,19,5301,1
2024-07-03,1003,Books,10,2300,0
2024-07-03,1001,Electronics,19,9500,0
2024-07-03,1002,Fashion,20,8500,0
2024-07-03,1005,Home,4,2432,0
2024-07-04,1001,Electronics,8,3640,1
2024-07-04,1002,Fashion,3,2358,1
2024-07-04,1004,Toys,1,371,0
2024-07-04,1002,Fashion,3,1374,1
2024-07-04,1001,Electronics,1,149,1
2024-07-05,1004,Toys,6,3138,1
2024-07-05,1004,Toys,12,7908,1
2024-07-05,1001,Electronics,16,11056,0
2024-07-05,1002,Fashion,15,2625,0
2024-07-05,1003,Books,1,426,1
2024-07-05,1001,Electronics,3,1350,0
2024-07-06,1002,Fashion,3,1980,0
2024-07-06,1003,Books,20,14560,1
2024-07-06,1001,Electronics,14,10766,0
2024-07-06,1005,Home,14,3640,0
2024-07-06,1001,Electronics,11,3410,0
2024-07-06,1004,Toys,18,11754,1
2024-07-07,1003,Books,8,1584,0
2024-07-07,1004,Toys,19,12578,1
2024-07-07,1002,Fashion,2,938,0
2024-07-07,1004,Toys,3,1203,1
2024-07-07,1002,Fashion,4,504,0
2024-07-08,1003,Books,3,1752,0
2024-07-08,1003,Books,13,7566,1
2024-07-08,1003,Books,3,2271,1
2024-07-08,1002,Fashion,12,5880,1
2024-07-09,1004,Toys,2,738,1
2024-07-09,1004,Toys,9,2979,1
2024-07-09,1005,Home,2,508,0
2024-07-09,1001,Electronics,12,7848,1
2024-07-10,1005,Home,2,992,1
2024-07-10,1005,Home,16,10976,0
2024-07-10,1004,Toys,10,1800,1
2024-07-10,1001,Electronics,17,11628,0
2024-07-11,1004,Toys,6,1626,0
2024-07-11,1002,Fashion,5,715,1
2024-07-11,1001,Electronics,14,4284,0
2024-07-12,1003,Books,3,567,1
2024-07-12,1005,Home,13,8645,1
2024-07-12,1003,Books,17,9673,0
2024-07-12,1005,Home,19,12065,1
2024-07-12,1001,Electronics,14,3542,0
2024-07-13,1001,Electronics,19,3857,1
2024-07-13,1005,Home,12,6240,1
2024-07-13,1004,Toys,16,10960,1
2024-07-14,1002,Fashion,9,4608,0
2024-07-14,1005,Home,20,15940,1
2024-07-14,1001,Electronics,13,5707,0
2024-07-15,1004,Toys,9,4329,0
2024-07-15,1003,Books,10,4180,1
2024-07-15,1004,Toys,4,1332,0
2024-07-16,1004,Toys,11,4125,1
2024-07-16,1005,Home,3,876,1
2024-07-16,1002,Fashion,14,8344,1
2024-07-16,1001,Electronics,17,4454,0
2024-07-16,1003,Books,17,8721,0
2024-07-17,1002,Fashion,7,2135,0
2024-07-17,1002,Fashion,2,1134,0
2024-07-17,1003,Books,7,2660,1
2024-07-18,1005,Home,13,9750,0
2024-07-18,1001,Electronics,8,3848,1
2024-07-18,1005,Home,15,4215,1
2024-07-18,1005,Home,18,8244,1
2024-07-18,1002,Fashion,9,1728,1
2024-07-18,1001,Electronics,13,1950,0
2024-07-19,1002,Fashion,8,6344,0
2024-07-19,1003,Books,14,8750,0
2024-07-19,1001,Electronics,16,3760,0
2024-07-19,1005,Home,1,329,1
2024-07-20,1003,Books,14,6790,1
2024-07-20,1004,Toys,9,2907,1
2024-07-20,1003,Books,17,12546,1
2024-07-20,1005,Home,4,428,1
2024-07-20,1005,Home,20,14460,1
2024-07-21,1001,Electronics,16,2640,1
2024-07-21,1003,Books,11,4213,1
2024-07-21,1003,Books,7,1771,0
2024-07-21,1001,Electronics,20,10260,1
2024-07-21,1002,Fashion,1,771,1
2024-07-22,1003,Books,14,7196,1
2024-07-22,1001,Electronics,19,13015,0
2024-07-22,1003,Books,8,5176,1
2024-07-22,1003,Books,17,6919,0
2024-07-22,1005,Home,6,2400,0
2024-07-23,1002,Fashion,9,6048,0
2024-07-23,1003,Books,3,981,1
2024-07-23,1002,Fashion,10,5300,1
2024-07-23,1003,Books,9,6291,1
2024-07-23,1004,Toys,4,2324,0
2024-07-23,1005,Home,19,13965,0
2024-07-24,1002,Fashion,17,3774,1
2024-07-24,1005,Home,10,5230,0
2024-07-24,1002,Fashion,5,1525,1
2024-07-24,1004,Toys,19,10792,0
2024-07-24,1003,Books,6,1092,1
2024-07-24,1003,Books,6,2520,0
2024-07-25,1004,Toys,9,2826,0
2024-07-25,1005,Home,6,3606,0
2024-07-25,1002,Fashion,20,10880,1
2024-07-26,1004,Toys,16,7872,0
2024-07-26,1001,Electronics,18,5472,1
2024-07-26,1001,Electronics,11,7073,0
2024-07-26,1001,Electronics,1,741,0
2024-07-26,1002,Fashion,12,5028,0
2024-07-26,1001,Electronics,13,7995,1
2024-07-27,1001,Electronics,2,810,1
2024-07-27,1004,Toys,17,12070,1
2024-07-27,1004,Toys,5,2250,1
2024-07-27,1003,Books,7,1876,1
2024-07-28,1002,Fashion,8,1872,0
2024-07-28,1001,Electronics,19,11704,0
2024-07-28,1001,Electronics,12,9192,0
2024-07-29,1003,Books,18,13284,0
2024-07-29,1005,Home,2,1554,0
2024-07-29,1001,Electronics,2,436,1
2024-07-29,1004,Toys,13,2938,1
2024-07-29,1004,Toys,5,1550,0
2024-07-29,1003,Books,14,10878,0
2024-07-30,1005,Home,20,4800,1
2024-07-30,1001,Electronics,17,12444,0
2024-07-30,1003,Books,4,832,1
2024-07-30,1002,Fashion,20,6080,1
2024-07-30,1005,Home,7,3262,1
2024-07-31,1002,Fashion,2,1322,1
2024-07-31,1002,Fashion,16,7008,0
2024-07-31,1001,Electronics,1,787,0
2024-07-31,1001,Electronics,19,14915,1
2024-07-31,1002,Fashion,3,1869,0
2024-08-01,1003,Books,8,4536,1
2024-08-01,1003,Books,15,2265,0
2024-08-01,1002,Fashion,2,794,1
2024-08-02,1004,Toys,4,788,0
2024-08-02,1001,Electronics,5,3895,0
2024-08-02,1003,Books,12,6576,1
2024-08-02,1001,Electronics,12,5400,0
2024-08-02,1001,Electronics,13,6617,1
2024-08-03,1004,Toys,16,8496,0
2024-08-03,1001,Electronics,5,800,0
2024-08-03,1001,Electronics,14,9856,1
2024-08-03,1005,Home,15,4275,1
2024-08-03,1003,Books,20,2580,0
2024-08-04,1004,Toys,4,2084,1
2024-08-04,1001,Electronics,3,1101,1
2024-08-04,1001,Electronics,17,11730,0
2024-08-04,1003,Books,17,10795,0
2024-08-04,1004,Toys,8,4744,1
2024-08-04,1004,Toys,5,3355,0
2024-08-05,1002,Fashion,17,9860,1
2024-08-05,1002,Fashion,3,1809,1
2024-08-05,1002,Fashion,11,4224,0
2024-08-06,1005,Home,13,6656,0
2024-08-06,1001,Electronics,15,8310,1
2024-08-06,1001,Electronics,16,8912,1
2024-08-06,1001,Electronics,16,12304,0
2024-08-07,1004,Toys,14,1904,0
2024-08-07,1001,Electronics,20,14660,1
2024-08-07,1005,Home,18,5598,1
2024-08-08,1003,Books,2,656,1
2024-08-08,1003,Books,18,13212,1
2024-08-08,1003,Books,15,3240,0
2024-08-08,1002,Fashion,1,449,1
2024-08-08,1003,Books,18,11412,1
2024-08-09,1001,Electronics,6,3624,0
2024-08-09,1004,Toys,4,1440,0
2024-08-09,1002,Fashion,4,2008,0
2024-08-10,1002,Fashion,11,2310,1
2024-08-10,1001,Electronics,19,4294,1
2024-08-10,1004,Toys,19,11704,0
2024-08-10,1004,Toys,1,643,0
2024-08-10,1005,Home,14,9786,1
2024-08-10,1005,Home,6,4152,0
2024-08-11,1001,Electronics,13,10049,1
2024-08-11,1005,Home,13,6864,0
2024-08-11,1003,Books,13,5863,1
2024-08-11,1004,Toys,5,1205,1
2024-08-12,1005,Home,11,7326,0
2024-08-12,1002,Fashion,7,5173,1
2024-08-12,1003,Books,5,3825,0
2024-08-12,1005,Home,18,13536,1
2024-08-12,1001,Electronics,12,8100,1
2024-08-13,1005,Home,10,5320,0
2024-08-13,1005,Home,4,500,1
2024-08-13,1002,Fashion,2,1572,0
2024-08-13,1002,Fashion,9,2376,1
2024-08-13,1003,Books,5,815,1
2024-08-13,1002,Fashion,18,2394,1
2024-08-14,1001,Electronics,20,15820,0
2024-08-14,1005,Home,13,4459,1
2024-08-14,1001,Electronics,13,6448,1
2024-08-14,1003,Books,18,2790,0
2024-08-14,1003,Books,7,5145,1
2024-08-14,1002,Fashion,12,8424,0
2024-08-15,1003,Books,15,4215,0
2024-08-15,1002,Fashion,6,3756,0
2024-08-15,1004,Toys,2,1076,1
2024-08-15,1005,Home,9,2097,0
2024-08-16,1001,Electronics,11,6347,0
2024-08-16,1001,Electronics,5,2150,0
2024-08-16,1005,Home,10,6020,1
2024-08-16,1001,Electronics,11,7018,0
2024-08-16,1002,Fashion,17,2873,0
2024-08-17,1005,Home,18,9234,0
2024-08-17,1003,Books,8,2544,1
2024-08-17,1003,Books,12,4800,0
2024-08-17,1005,Home,17,9962,0
2024-08-17,1001,Electronics,12,6672,0
2024-08-17,1005,Home,20,6980,0
2024-08-18,1004,Toys,4,1980,1
2024-08-18,1005,Home,10,1250,1
2024-08-18,1005,Home,17,9452,1
2024-08-18,1001,Electronics,10,7670,0
2024-08-18,1003,Books,17,3128,0
2024-08-19,1005,Home,18,1926,0
2024-08-19,1002,Fashion,7,3738,0
2024-08-19,1002,Fashion,18,9810,0
2024-08-19,1002,Fashion,1,570,1
2024-08-20,1001,Electronics,3,465,0
2024-08-20,1003,Books,18,3096,0
2024-08-20,1003,Books,14,6958,1
2024-08-21,1004,Toys,11,1287,1
2024-08-21,1001,Electronics,18,1908,0
2024-08-21,1005,Home,2,348,1
2024-08-21,1005,Home,4,1584,1
2024-08-21,1005,Home,3,1164,1
2024-08-21,1004,Toys,13,10088,0
2024-08-22,1002,Fashion,18,5850,0
2024-08-22,1004,Toys,18,7236,0
2024-08-22,1003,Books,12,1332,0
2024-08-22,1001,Electronics,2,210,1
2024-08-22,1005,Home,18,3366,1
2024-08-22,1002,Fashion,12,3792,1
2024-08-23,1002,Fashion,6,1956,1
2024-08-23,1002,Fashion,4,1140,0
2024-08-23,1005,Home,15,11400,0
2024-08-23,1003,Books,3,1068,0
2024-08-24,1005,Home,16,7008,1
2024-08-24,1002,Fashion,8,1616,1
2024-08-24,1005,Home,3,894,1
2024-08-24,1004,Toys,15,6540,1
2024-08-25,1005,Home,19,8987,1
2024-08-25,1004,Toys,6,624,1
2024-08-25,1002,Fashion,8,6048,1
2024-08-25,1003,Books,12,2844,1
2024-08-26,1004,Toys,15,7005,1
2024-08-26,1004,Toys,18,3798,0
2024-08-26,1005,Home,3,1161,0
2024-08-26,1005,Home,7,2583,0
2024-08-26,1001,Electronics,1,619,0
2024-08-26,1005,Home,19,9766,0
2024-08-27,1005,Home,9,5904,1
2024-08-27,1002,Fashion,12,6012,0
2024-08-27,1005,Home,10,2370,1
2024-08-28,1004,Toys,12,7368,0
2024-08-28,1002,Fashion,20,16000,0
2024-08-28,1005,Home,5,2780,0
2024-08-29,1005,Home,19,14725,0
2024-08-29,1004,Toys,12,1692,0
2024-08-29,1004,Toys,8,1312,1
2024-08-29,1003,Books,8,1144,0
2024-08-30,1004,Toys,16,9040,0
2024-08-30,1001,Electronics,11,2255,1
2024-08-30,1003,Books,19,12483,0
2024-08-30,1004,Toys,13,6162,0
2024-08-30,1005,Home,9,4365,0
2024-08-31,1003,Books,12,7176,1
2024-08-31,1005,Home,1,613,0
2024-08-31,1004,Toys,6,2010,0
2024-08-31,1005,Home,9,2844,0
2024-08-31,1002,Fashion,6,2820,0
2024-08-31,1002,Fashion,14,6132,0
2024-09-01,1004,Toys,16,5040,0
2024-09-01,1004,Toys,1,349,0
2024-09-01,1002,Fashion,19,13414,0
2024-09-01,1002,Fashion,17,2380,0
2024-09-01,1001,Electronics,6,2184,0
2024-09-01,1005,Home,13,9269,0
2024-09-02,1001,Electronics,7,3913,1
2024-09-02,1004,Toys,6,1944,1
2024-09-02,1005,Home,5,3480,0
2024-09-02,1005,Home,17,6290,0
2024-09-02,1003,Books,15,10650,0
2024-09-03,1004,Toys,13,3055,0
2024-09-03,1001,Electronics,7,4445,1
2024-09-03,1002,Fashion,20,3960,0
2024-09-03,1004,Toys,20,14280,0
2024-09-04,1001,Electronics,16,12400,0
2024-09-04,1005,Home,18,1818,1
2024-09-04,1005,Home,14,6706,0
2024-09-05,1002,Fashion,16,7840,1
2024-09-05,1005,Home,19,3800,1
2024-09-05,1002,Fashion,9,5292,0
2024-09-05,1001,Electronics,10,7120,1
2024-09-05,1003,Books,7,735,0
2024-09-05,1005,Home,17,3740,0
2024-09-06,1002,Fashion,11,5698,1
2024-09-06,1001,Electronics,5,2680,1
2024-09-06,1003,Books,18,9594,1
2024-09-06,1005,Home,9,7164,1
2024-09-06,1002,Fashion,14,9310,1
2024-09-06,1002,Fashion,12,8064,1
2024-09-07,1003,Books,19,8588,1
2024-09-07,1002,Fashion,4,1340,1
2024-09-07,1002,Fashion,4,1276,1
2024-09-07,1003,Books,18,13104,0
2024-09-07,1002,Fashion,13,9763,0
2024-09-08,1002,Fashion,16,11424,1
2024-09-08,1001,Electronics,3,1107,0
2024-09-08,1003,Books,3,2169,0
2024-09-09,1004,Toys,20,15420,1
2024-09-09,1005,Home,2,558,1
2024-09-09,1004,Toys,1,306,1
2024-09-09,1002,Fashion,2,1426,0
2024-09-09,1005,Home,6,4740,0
2024-09-09,1003,Books,8,6160,0
2024-09-10,1001,Electronics,9,4581,1
2024-09-10,1004,Toys,13,9100,0
2024-09-10,1005,Home,1,170,0
2024-09-10,1005,Home,10,6720,1
2024-09-11,1003,Books,8,5760,0
2024-09-11,1004,Toys,13,8944,0
2024-09-11,1003,Books,6,3096,0
2024-09-11,1005,Home,3,1845,1
2024-09-11,1003,Books,4,2500,1
2024-09-12,1004,Toys,13,8788,1
2024-09-12,1002,Fashion,11,6259,1
2024-09-12,1005,Home,1,593,0
2024-09-12,1003,Books,3,1473,0
2024-09-12,1002,Fashion,11,5742,1
2024-09-13,1003,Books,8,3152,0
2024-09-13,1004,Toys,11,1947,0
2024-09-13,1004,Toys,11,5082,0
2024-09-14,1002,Fashion,7,4270,0
2024-09-14,1002,Fashion,8,2968,0
2024-09-14,1002,Fashion,7,2485,1
2024-09-14,1002,Fashion,4,888,0
2024-09-14,1004,Toys,20,2120,0
2024-09-15,1003,Books,20,8440,1
2024-09-15,1005,Home,9,5418,0
2024-09-15,1005,Home,9,4563,0
2024-09-15,1005,Home,5,775,1
2024-09-15,1004,Toys,18,2394,1
2024-09-15,1004,Toys,6,3408,0
2024-09-16,1003,Books,1,112,0
2024-09-16,1004,Toys,19,3857,1
2024-09-16,1003,Books,20,7300,0
2024-09-16,1005,Home,9,3078,1
2024-09-16,1004,Toys,20,9020,1
2024-09-16,1002,Fashion,16,8544,0
2024-09-17,1003,Books,12,6120,1
2024-09-17,1004,Toys,6,4110,0
2024-09-17,1005,Home,8,1616,1
2024-09-17,1002,Fashion,18,9756,1
2024-09-17,1002,Fashion,5,1265,1
2024-09-17,1001,Electronics,6,3186,1
2024-09-18,1005,Home,18,7614,1
2024-09-18,1003,Books,9,6075,0
2024-09-18,1004,Toys,4,1068,0
2024-09-18,1002,Fashion,9,5283,0
2024-09-19,1003,Books,9,4221,1
2024-09-19,1005,Home,18,6534,1
2024-09-19,1001,Electronics,14,3136,1
2024-09-19,1005,Home,7,4830,0
2024-09-19,1003,Books,12,5184,1
2024-09-19,1004,Toys,3,1470,1
2024-09-20,1002,Fashion,6,4530,1
2024-09-20,1004,Toys,20,13700,1
2024-09-20,1001,Electronics,3,795,1
2024-09-20,1002,Fashion,11,4664,1
2024-09-20,1003,Books,20,15200,1
2024-09-20,1003,Books,15,7065,1
2024-09-21,1002,Fashion,6,738,0
2024-09-21,1002,Fashion,9,1629,0
2024-09-21,1002,Fashion,13,2665,0
2024-09-21,1001,Electronics,16,10576,0
2024-09-21,1001,Electronics,13,8268,0
2024-09-21,1001,Electronics,9,6588,0
2024-09-22,1004,Toys,10,3340,0
2024-09-22,1003,Books,15,11115,0
2024-09-22,1002,Fashion,17,4658,0
2024-09-23,1003,Books,11,6457,1
2024-09-23,1005,Home,9,5949,1
2024-09-23,1002,Fashion,18,5058,1
2024-09-24,1005,Home,18,7506,1
2024-09-24,1004,Toys,18,5976,0
2024-09-24,1004,Toys,10,4740,1
2024-09-24,1003,Books,5,2050,0
2024-09-24,1001,Electronics,17,4063,1
2024-09-24,1003,Books,16,10352,0
2024-09-25,1004,Toys,10,1090,1
2024-09-25,1003,Books,20,6720,0
2024-09-25,1005,Home,12,3516,1
2024-09-25,1005,Home,14,7056,0
2024-09-25,1002,Fashion,13,6331,0
2024-09-25,1003,Books,3,1596,0
2024-09-26,1003,Books,18,6750,1
2024-09-26,1002,Fashion,3,858,0
2024-09-26,1003,Books,4,3008,1
2024-09-26,1005,Home,15,5670,1
2024-09-26,1002,Fashion,11,1309,0
2024-09-27,1005,Home,1,290,0
2024-09-27,1003,Books,9,2052,1
2024-09-27,1001,Electronics,8,1536,0
2024-09-28,1004,Toys,7,3150,1
2024-09-28,1003,Books,16,7680,1
2024-09-28,1001,Electronics,11,2002,0
2024-09-29,1003,Books,13,2249,1
2024-09-29,1002,Fashion,7,2492,1
2024-09-29,1001,Electronics,4,1416,1
2024-09-30,1002,Fashion,2,606,1
2024-09-30,1001,Electronics,17,13277,0
2024-09-30,1004,Toys,13,10361,1
2024-09-30,1003,Books,6,4464,0
2024-09-30,1005,Home,17,3825,1
2024-09-30,1004,Toys,10,3030,1
2024-10-01,1002,Fashion,4,1364,1
2024-10-01,1003,Books,1,271,1
2024-10-01,1005,Home,4,2020,0
2024-10-02,1001,Electronics,19,11134,0
2024-10-02,1003,Books,3,1062,0
2024-10-02,1004,Toys,3,2199,1
2024-10-03,1001,Electronics,12,9120,0
2024-10-03,1005,Home,4,912,1
2024-10-03,1002,Fashion,11,7381,1
2024-10-04,1002,Fashion,1,486,1
2024-10-04,1002,Fashion,9,1260,1
2024-10-04,1004,Toys,18,7218,1
2024-10-04,1002,Fashion,19,5529,1
2024-10-04,1003,Books,15,5715,0
2024-10-04,1001,Electronics,17,4386,1
2024-10-05,1003,Books,18,8550,1
2024-10-05,1001,Electronics,17,8296,0
2024-10-05,1001,Electronics,20,9440,0
2024-10-05,1003,Books,3,2322,1
2024-10-05,1002,Fashion,17,13583,1
2024-10-06,1005,Home,10,4300,1
2024-10-06,1003,Books,4,792,0
2024-10-06,1001,Electronics,5,1410,0
2024-10-06,1002,Fashion,4,2388,0
2024-10-07,1001,Electronics,19,14383,1
2024-10-07,1004,Toys,17,12546,1
2024-10-07,1001,Electronics,12,3912,0
2024-10-08,1002,Fashion,16,2896,1
2024-10-08,1001,Electronics,12,8052,1
2024-10-08,1003,Books,2,1462,1
2024-10-09,1001,Electronics,10,1790,0
2024-10-09,1005,Home,4,812,0
2024-10-09,1005,Home,13,3822,0
2024-10-10,1005,Home,6,4026,1
2024-10-10,1001,Electronics,19,8854,1
2024-10-10,1004,Toys,4,1080,0
2024-10-10,1005,Home,13,8008,1
2024-10-11,1005,Home,20,11060,1
2024-10-11,1003,Books,18,7776,1
2024-10-11,1004,Toys,14,6034,0
2024-10-11,1005,Home,18,5742,1
2024-10-12,1003,Books,15,8370,1
2024-10-12,1001,Electronics,2,782,0
2024-10-12,1005,Home,5,2045,0
2024-10-12,1003,Books,8,2552,1
2024-10-12,1001,Electronics,9,5994,0
2024-10-13,1001,Electronics,15,6960,0
2024-10-13,1002,Fashion,9,4275,0
2024-10-13,1002,Fashion,9,3663,0
2024-10-14,1005,Home,7,1253,1
2024-10-14,1004,Toys,6,3594,0
2024-10-14,1005,Home,10,1380,1
2024-10-14,1001,Electronics,2,884,1
2024-10-14,1004,Toys,14,3122,0
2024-10-14,1005,Home,1,749,1
2024-10-15,1003,Books,17,2414,1
2024-10-15,1005,Home,19,4807,1
2024-10-15,1005,Home,8,2048,0
2024-10-16,1004,Toys,20,13780,0
2024-10-16,1002,Fashion,14,5544,1
2024-10-16,1002,Fashion,5,2220,0
2024-10-16,1004,Toys,19,2850,1
2024-10-16,1003,Books,3,1524,1
2024-10-16,1002,Fashion,5,2960,0
2024-10-17,1004,Toys,19,5700,0
2024-10-17,1002,Fashion,3,1116,1
2024-10-17,1003,Books,19,3629,0
2024-10-17,1004,Toys,14,6636,1
2024-10-17,1002,Fashion,11,4972,0
2024-10-17,1003,Books,6,2748,1
2024-10-18,1004,Toys,2,678,0
2024-10-18,1003,Books,5,935,0
2024-10-18,1001,Electronics,8,5880,0
2024-10-18,1003,Books,1,451,0
2024-10-19,1004,Toys,16,1968,1
2024-10-19,1002,Fashion,18,5688,0
2024-10-19,1005,Home,17,6188,1
2024-10-19,1005,Home,5,3920,0
2024-10-19,1004,Toys,19,14801,0
2024-10-20,1002,Fashion,2,780,0
2024-10-20,1005,Home,9,1386,1
2024-10-20,1001,Electronics,3,1491,1
2024-10-20,1003,Books,4,476,1
2024-10-20,1004,Toys,8,3912,0
2024-10-21,1004,Toys,20,12880,0
2024-10-21,1002,Fashion,7,4284,1
2024-10-21,1005,Home,1,140,0
2024-10-21,1005,Home,10,4410,1
2024-10-21,1004,Toys,6,708,1
2024-10-22,1003,Books,10,3410,1
2024-10-22,1001,Electronics,9,4464,0
2024-10-22,1005,Home,9,2970,0
2024-10-22,1003,Books,13,10036,0
2024-10-22,1001,Electronics,13,8229,0
2024-10-23,1002,Fashion,19,4864,1
2024-10-23,1003,Books,20,8740,1
2024-10-23,1005,Home,5,1555,0
2024-10-23,1005,Home,18,14400,0
2024-10-23,1002,Fashion,10,6360,0
2024-10-23,1004,Toys,5,3855,0
2024-10-24,1001,Electronics,18,11610,0
2024-10-24,1002,Fashion,11,2739,0
2024-10-24,1003,Books,14,7294,1
2024-10-24,1004,Toys,9,2295,0
2024-10-24,1001,Electronics,5,1445,0
2024-10-25,1005,Home,19,13813,0
2024-10-25,1005,Home,8,2688,0
2024-10-25,1003,Books,3,1764,0
2024-10-25,1005,Home,20,11600,1
2024-10-25,1002,Fashion,13,7839,1
2024-10-26,1002,Fashion,7,2317,0
2024-10-26,1004,Toys,1,376,1
2024-10-26,1002,Fashion,7,2163,0
2024-10-26,1002,Fashion,15,10965,1
2024-10-27,1004,Toys,8,4296,1
2024-10-27,1001,Electronics,20,9780,1
2024-10-27,1004,Toys,20,13700,0
2024-10-27,1005,Home,4,2248,1
2024-10-27,1001,Electronics,8,5048,1
2024-10-28,1005,Home,13,8164,0
2024-10-28,1002,Fashion,10,5500,1
2024-10-28,1003,Books,10,5720,0
2024-10-29,1003,Books,20,3100,0
2024-10-29,1004,Toys,15,2880,0
2024-10-29,1002,Fashion,19,12521,0
2024-10-29,1004,Toys,14,6034,1
2024-10-29,1001,Electronics,6,3384,0
2024-10-29,1004,Toys,3,1068,1
2024-10-30,1001,Electronics,3,648,1
2024-10-30,1003,Books,3,1908,1
2024-10-30,1005,Home,20,5260,1
2024-10-30,1005,Home,13,1872,0
2024-10-31,1005,Home,5,1330,0
2024-10-31,1002,Fashion,2,1058,1
2024-10-31,1003,Books,15,5925,0
2024-10-31,1001,Electronics,5,1535,0
2024-10-31,1005,Home,9,1008,1
2024-11-01,1004,Toys,18,1890,1
2024-11-01,1002,Fashion,7,4914,1
2024-11-01,1004,Toys,14,7728,0
2024-11-01,1005,Home,20,2120,0
2024-11-01,1005,Home,9,6606,0
2024-11-01,1001,Electronics,6,1506,0
2024-11-02,1001,Electronics,5,665,1
2024-11-02,1003,Books,3,450,0
2024-11-02,1004,Toys,6,1590,1
2024-11-02,1005,Home,20,13720,0
2024-11-02,1004,Toys,19,8892,0
2024-11-03,1003,Books,11,5247,1
2024-11-03,1001,Electronics,14,9282,0
2024-11-03,1003,Books,16,3792,0
2024-11-04,1003,Books,17,8891,0
2024-11-04,1002,Fashion,20,3180,0
2024-11-04,1005,Home,17,3213,1
2024-11-04,1005,Home,10,5370,1
2024-11-04,1003,Books,17,11696,1
2024-11-05,1005,Home,19,11552,1
2024-11-05,1004,Toys,6,4344,0
2024-11-05,1003,Books,7,707,0
2024-11-05,1001,Electronics,15,11100,0
2024-11-06,1005,Home,14,7322,0
2024-11-06,1003,Books,12,8076,0
2024-11-06,1001,Electronics,7,2716,1
2024-11-06,1001,Electronics,10,4070,1
2024-11-07,1001,Electronics,11,4939,1
2024-11-07,1005,Home,20,2580,0
2024-11-07,1002,Fashion,11,4906,1
2024-11-08,1001,Electronics,5,2965,0
2024-11-08,1004,Toys,18,7974,1
2024-11-08,1004,Toys,2,1266,1
2024-11-08,1005,Home,11,7348,0
2024-11-08,1002,Fashion,19,8341,1
2024-11-08,1001,Electronics,5,1935,0
2024-11-09,1004,Toys,18,4842,1
2024-11-09,1002,Fashion,20,4380,1
2024-11-09,1003,Books,2,756,1
2024-11-09,1001,Electronics,16,5488,1
2024-11-09,1004,Toys,10,3210,1
2024-11-10,1001,Electronics,12,1656,0
2024-11-10,1001,Electronics,15,9270,0
2024-11-10,1004,Toys,17,4369,0
2024-11-10,1003,Books,16,10176,1
2024-11-11,1002,Fashion,4,2512,0
2024-11-11,1002,Fashion,2,1140,1
2024-11-11,1005,Home,4,416,1
2024-11-11,1001,Electronics,20,3780,1
2024-11-11,1004,Toys,2,410,1
2024-11-12,1005,Home,10,7540,0
2024-11-12,1003,Books,7,2079,1
2024-11-12,1003,Books,18,7668,1
2024-11-13,1003,Books,5,1305,1
2024-11-13,1001,Electronics,1,737,0
2024-11-13,1002,Fashion,18,8244,1
2024-11-14,1002,Fashion,10,6870,0
2024-11-14,1002,Fashion,3,1254,1
2024-11-14,1005,Home,15,2265,0
2024-11-14,1001,Electronics,16,12656,0
2024-11-14,1001,Electronics,13,2015,0
2024-11-15,1004,Toys,6,4260,1
2024-11-15,1005,Home,12,5028,1
2024-11-15,1002,Fashion,18,3240,1
2024-11-15,1005,Home,5,975,1
2024-11-15,1001,Electronics,15,6255,1
2024-11-15,1004,Toys,8,2632,0
2024-11-16,1003,Books,13,3731,1
2024-11-16,1003,Books,15,8985,0
2024-11-16,1001,Electronics,16,3440,1
2024-11-16,1004,Toys,15,4110,1
2024-11-16,1003,Books,20,13760,0
2024-11-17,1004,Toys,4,1732,0
2024-11-17,1003,Books,18,10296,1
2024-11-17,1005,Home,14,4816,0
2024-11-18,1004,Toys,13,2171,1
2024-11-18,1002,Fashion,19,10279,1
2024-11-18,1005,Home,11,7227,0
2024-11-18,1002,Fashion,3,2061,1
2024-11-19,1005,Home,20,11480,1
2024-11-19,1005,Home,4,2220,0
2024-11-19,1003,Books,13,2223,0
2024-11-20,1003,Books,16,12160,0
2024-11-20,1001,Electronics,7,1694,0
2024-11-20,1002,Fashion,5,2815,1
2024-11-20,1004,Toys,20,13820,1
2024-11-20,1002,Fashion,7,5579,1
2024-11-20,1003,Books,19,15105,1
2024-11-21,1003,Books,3,2088,0
2024-11-21,1005,Home,17,8721,0
2024-11-21,1003,Books,2,956,0
2024-11-21,1001,Electronics,18,8406,0
2024-11-21,1003,Books,1,340,1
2024-11-21,1005,Home,13,9620,1
2024-11-22,1004,Toys,13,7085,0
2024-11-22,1002,Fashion,16,3872,0
2024-11-22,1005,Home,13,6084,1
2024-11-22,1002,Fashion,10,7860,0
2024-11-22,1002,Fashion,1,173,0
2024-11-22,1002,Fashion,16,12368,1
2024-11-23,1001,Electronics,5,3785,1
2024-11-23,1004,Toys,20,10700,0
2024-11-23,1004,Toys,17,9078,1
2024-11-23,1004,Toys,12,3972,0
2024-11-24,1005,Home,1,691,1
2024-11-24,1002,Fashion,17,6375,1
2024-11-24,1005,Home,19,9025,0
2024-11-24,1001,Electronics,19,11286,1
2024-11-24,1001,Electronics,19,11267,0
2024-11-24,1002,Fashion,17,6562,1
2024-11-25,1005,Home,20,3800,0
2024-11-25,1004,Toys,3,2400,1
2024-11-25,1005,Home,2,902,0
2024-11-26,1004,Toys,17,9860,1
2024-11-26,1004,Toys,12,4812,1
2024-11-26,1002,Fashion,2,1422,1
2024-11-26,1005,Home,9,1458,1
2024-11-26,1005,Home,6,4116,0
2024-11-26,1003,Books,20,2540,1
2024-11-27,1001,Electronics,5,3085,0
2024-11-27,1003,Books,9,2115,1
2024-11-27,1003,Books,9,1026,0
2024-11-27,1005,Home,6,4230,0
2024-11-27,1004,Toys,12,3348,1
2024-11-27,1002,Fashion,16,4560,0
2024-11-28,1001,Electronics,5,3545,0
2024-11-28,1004,Toys,14,6888,0
2024-11-28,1004,Toys,6,1890,1
2024-11-28,1001,Electronics,9,1962,0
2024-11-28,1002,Fashion,15,7620,1
2024-11-29,1004,Toys,18,6102,1
2024-11-29,1004,Toys,16,5888,0
2024-11-29,1005,Home,14,1568,1
2024-11-29,1004,Toys,13,10322,1
2024-11-29,1005,Home,2,398,1
2024-11-30,1005,Home,9,3987,1
2024-11-30,1003,Books,4,1444,1
2024-11-30,1004,Toys,8,6304,0
2024-11-30,1005,Home,11,8723,0
2024-11-30,1003,Books,18,1980,0
2024-11-30,1001,Electronics,1,521,0
2024-12-01,1004,Toys,12,3888,1
2024-12-01,1003,Books,7,938,0
2024-12-01,1005,Home,3,474,0
2024-12-02,1001,Electronics,3,2157,0
2024-12-02,1004,Toys,19,5491,0
2024-12-02,1002,Fashion,9,3609,1
2024-12-03,1004,Toys,9,4833,1
2024-12-03,1003,Books,6,1050,1
2024-12-03,1001,Electronics,13,6461,1
2024-12-04,1003,Books,9,2538,1
2024-12-04,1001,Electronics,16,4880,1
2024-12-04,1002,Fashion,16,3376,0
2024-12-05,1002,Fashion,20,15160,0
2024-12-05,1004,Toys,9,1845,0
2024-12-05,1001,Electronics,3,2055,1
2024-12-05,1004,Toys,1,609,0
2024-12-05,1001,Electronics,2,1560,1
2024-12-05,1003,Books,5,2185,1
2024-12-06,1005,Home,16,9424,1
2024-12-06,1004,Toys,3,1959,0
2024-12-06,1001,Electronics,13,7709,0
2024-12-07,1003,Books,10,5100,0
2024-12-07,1001,Electronics,12,7764,1
2024-12-07,1001,Electronics,15,5940,0
2024-12-07,1002,Fashion,18,2520,1
2024-12-07,1002,Fashion,10,4990,0
2024-12-08,1004,Toys,3,2241,1
2024-12-08,1002,Fashion,5,680,0
2024-12-08,1001,Electronics,19,6536,1
2024-12-08,1004,Toys,3,1959,1
2024-12-08,1004,Toys,18,10080,0
2024-12-09,1003,Books,2,890,0
2024-12-09,1004,Toys,4,1264,1
2024-12-09,1005,Home,5,3465,0
2024-12-10,1001,Electronics,5,3000,0
2024-12-10,1004,Toys,20,2920,0
2024-12-10,1002,Fashion,1,276,0
2024-12-11,1001,Electronics,15,10875,0
2024-12-11,1005,Home,3,624,0
2024-12-11,1004,Toys,20,14600,0
2024-12-11,1001,Electronics,7,3752,1
2024-12-11,1004,Toys,11,2453,0
2024-12-12,1002,Fashion,2,1414,0
2024-12-12,1003,Books,3,669,1
2024-12-12,1002,Fashion,14,3808,1
2024-12-12,1005,Home,6,3294,0
2024-12-12,1005,Home,2,472,0
2024-12-13,1002,Fashion,1,598,0
2024-12-13,1001,Electronics,1,283,0
2024-12-13,1005,Home,10,5260,1
2024-12-13,1002,Fashion,7,1722,1
2024-12-13,1005,Home,15,7815,0
2024-12-13,1002,Fashion,20,2760,0
2024-12-14,1005,Home,3,2226,1
2024-12-14,1003,Books,14,1456,0
2024-12-14,1002,Fashion,4,2568,0
2024-12-14,1005,Home,12,7824,0
2024-12-14,1004,Toys,7,2681,0
2024-12-14,1002,Fashion,4,1008,1
2024-12-15,1002,Fashion,6,4716,0
2024-12-15,1001,Electronics,12,4692,0
2024-12-15,1004,Toys,9,3978,1
2024-12-15,1001,Electronics,4,612,0
2024-12-15,1002,Fashion,1,596,0
2024-12-15,1001,Electronics,8,4440,1
2024-12-16,1002,Fashion,11,3685,0
2024-12-16,1003,Books,8,1600,0
2024-12-16,1004,Toys,7,3388,0
2024-12-16,1001,Electronics,16,11184,1
2024-12-16,1001,Electronics,14,3472,0
2024-12-16,1005,Home,15,4230,1
2024-12-17,1002,Fashion,15,4470,1
2024-12-17,1003,Books,7,3101,0
2024-12-17,1001,Electronics,19,3059,1
2024-12-17,1002,Fashion,4,2304,1
2024-12-17,1004,Toys,6,2706,0
2024-12-18,1005,Home,6,4518,0
2024-12-18,1005,Home,18,6030,0
2024-12-18,1004,Toys,17,10200,0
2024-12-18,1005,Home,16,9168,1
2024-12-18,1001,Electronics,14,4928,0
2024-12-19,1004,Toys,19,6213,0
2024-12-19,1005,Home,1,527,0
2024-12-19,1001,Electronics,16,9856,0
2024-12-19,1004,Toys,17,8551,1
2024-12-19,1001,Electronics,15,9105,0
2024-12-20,1005,Home,1,516,0
2024-12-20,1002,Fashion,12,4824,0
2024-12-20,1001,Electronics,1,591,1
2024-12-21,1004,Toys,19,13243,0
2024-12-21,1004,Toys,15,3615,1
2024-12-21,1002,Fashion,12,8892,1
2024-12-21,1001,Electronics,3,1482,1
2024-12-22,1003,Books,14,5264,0
2024-12-22,1001,Electronics,20,8860,0
2024-12-22,1005,Home,12,1824,0
2024-12-23,1003,Books,15,10995,0
2024-12-23,1003,Books,12,3348,0
2024-12-23,1005,Home,7,1687,1
2024-12-23,1002,Fashion,18,3888,1
2024-12-23,1005,Home,7,2310,1
2024-12-23,1003,Books,9,5535,1
2024-12-24,1001,Electronics,3,1443,1
2024-12-24,1004,Toys,16,9808,0
2024-12-24,1004,Toys,18,14292,1
2024-12-24,1004,Toys,20,9520,0
2024-12-24,1002,Fashion,15,2835,0
2024-12-25,1002,Fashion,10,1780,0
2024-12-25,1002,Fashion,9,1926,0
2024-12-25,1004,Toys,5,1545,0
2024-12-25,1003,Books,14,11172,0
2024-12-25,1004,Toys,12,6360,1
2024-12-25,1001,Electronics,10,2930,0
2024-12-26,1002,Fashion,17,12920,1
2024-12-26,1004,Toys,19,8569,1
2024-12-26,1004,Toys,19,14839,1
2024-12-27,1003,Books,19,4465,1
2024-12-27,1002,Fashion,9,2988,1
2024-12-27,1003,Books,10,1480,0
2024-12-27,1003,Books,10,5660,0
2024-12-27,1005,Home,6,3888,1
2024-12-27,1002,Fashion,6,4692,0
2024-12-28,1002,Fashion,4,568,1
2024-12-28,1005,Home,5,2755,1
2024-12-28,1003,Books,6,1860,0
2024-12-28,1003,Books,12,3012,1
2024-12-29,1005,Home,6,3876,1
2024-12-29,1001,Electronics,1,514,1
2024-12-29,1002,Fashion,15,6405,0
2024-12-29,1001,Electronics,18,11142,1
2024-12-29,1003,Books,16,6336,0
2024-12-29,1005,Home,15,6690,0
2024-12-30,1001,Electronics,5,3970,0
2024-12-30,1003,Books,1,511,0
2024-12-30,1004,Toys,12,2328,1
2024-12-30,1001,Electronics,20,15120,0
2024-12-30,1005,Home,17,5559,1
2024-12-30,1002,Fashion,1,185,1
